fid,Reference,Section,uom,code,qudt_unit,label,procedure,glosis_cl,definition,
1,Layer descriptions$B$2,Chapter 8.4.1,number,{count},,"Number of the layer - Chapter 8.4.1",https://obrl-soil.github.io/wrbsoil2022/annex-01-field-guide.html#sec-a1-841,,https://wrb.isric.org/files/WRB_4th_edition_Soil_description_sheet_v1.1.xlsx#Layer descriptions$B$2,
2,Layer descriptions$C$2,Chapter 8.4.1,cm,cm,CentiM,"Upper boundary [cm] - Chapter 8.4.1",https://obrl-soil.github.io/wrbsoil2022/annex-01-field-guide.html#sec-a1-841,http://w3id.org/glosis/model/iso28258/2013/ProfileElement.upperDepth,https://wrb.isric.org/files/WRB_4th_edition_Soil_description_sheet_v1.1.xlsx#Layer descriptions$C$2,
3,Layer descriptions$D$2,Chapter 8.4.1,cm,cm,CentiM,"Lower boundary [cm] - Chapter 8.4.1",https://obrl-soil.github.io/wrbsoil2022/annex-01-field-guide.html#sec-a1-841,http://w3id.org/glosis/model/iso28258/2013/ProfileElement.lowerDepth,https://wrb.isric.org/files/WRB_4th_edition_Soil_description_sheet_v1.1.xlsx#Layer descriptions$D$2,
4,Layer descriptions$E$3,Homogeneity of the layer,codelist,,,"Layer consisting of different parts - Homogeneity of the layer",https://obrl-soil.github.io/wrbsoil2022/annex-01-field-guide.html#sec-a1-842,,https://wrb.isric.org/files/WRB_4th_edition_Soil_description_sheet_v1.1.xlsx#Layer descriptions$E$3,
5,Layer descriptions$F$3,Homogeneity of the layer,codelist,[presenceOfStrataWithinALayer],,"Layer composed of several strata of alluvial sediments or of tephra - Homogeneity of the layer",https://obrl-soil.github.io/wrbsoil2022/annex-01-field-guide.html#tbl-a1826,,https://wrb.isric.org/files/WRB_4th_edition_Soil_description_sheet_v1.1.xlsx#Layer descriptions$F$3,
6,Layer descriptions$G$3,Water,codelist,[typesOfWaterSaturation],,"Water saturation - Water",https://obrl-soil.github.io/wrbsoil2022/annex-01-field-guide.html#tbl-a1827,,https://wrb.isric.org/files/WRB_4th_edition_Soil_description_sheet_v1.1.xlsx#Layer descriptions$G$3,
7,Layer descriptions$H$3,Water,codelist,[soilWaterStatus],,"Soil water status - Water",https://obrl-soil.github.io/wrbsoil2022/annex-01-field-guide.html#tbl-a1828,http://w3id.org/glosis/model/layerhorizon/moistureContentProperty,https://wrb.isric.org/files/WRB_4th_edition_Soil_description_sheet_v1.1.xlsx#Layer descriptions$H$3,
8,Layer descriptions$I$2,Chapter 8.4.4,codelist,[organicHydromorphicAndTerrestrialOrganotechnicAndMineralLayers],,"Organic, organo- technic or mineral layer - Chapter 8.4.4",https://obrl-soil.github.io/wrbsoil2022/annex-01-field-guide.html#tbl-a1829,,https://wrb.isric.org/files/WRB_4th_edition_Soil_description_sheet_v1.1.xlsx#Layer descriptions$I$2,
9,Layer descriptions$J$3,Layer boundaries,codelist,,,"Distinctness of the layer s lower boundary - Layer boundaries",https://obrl-soil.github.io/wrbsoil2022/annex-01-field-guide.html#tbl-a1830,http://w3id.org/glosis/model/layerhorizon/boundaryDistinctnessProperty,https://wrb.isric.org/files/WRB_4th_edition_Soil_description_sheet_v1.1.xlsx#Layer descriptions$J$3,
10,Layer descriptions$K$3,Layer boundaries,codelist,,,"Shape - Layer boundaries",https://obrl-soil.github.io/wrbsoil2022/annex-01-field-guide.html#tbl-a1831,http://w3id.org/glosis/model/layerhorizon/boundaryTopographyProperty,https://wrb.isric.org/files/WRB_4th_edition_Soil_description_sheet_v1.1.xlsx#Layer descriptions$K$3,
11,Layer descriptions$L$2,Chapter 8.4.6,codelist,,,"Wind deposition - Chapter 8.4.6",https://obrl-soil.github.io/wrbsoil2022/annex-01-field-guide.html#tbl-a1832,,https://wrb.isric.org/files/WRB_4th_edition_Soil_description_sheet_v1.1.xlsx#Layer descriptions$L$2,
12,Layer descriptions$M$4,Coarse fragments,%,daL/m3,,"Total abundance, by volume [%] - Coarse fragments",https://obrl-soil.github.io/wrbsoil2022/annex-01-field-guide.html#sec-a1-847-a,http://w3id.org/glosis/model/layerhorizon/CoarseFragmentsValue,https://wrb.isric.org/files/WRB_4th_edition_Soil_description_sheet_v1.1.xlsx#Layer descriptions$M$4,
13,Layer descriptions$N$4,Coarse fragments,codelist,,,"Size and shape class 1 (dominant) - Coarse fragments",https://obrl-soil.github.io/wrbsoil2022/annex-01-field-guide.html#tbl-a1833,http://w3id.org/glosis/model/layerhorizon/FragmentsClass,https://wrb.isric.org/files/WRB_4th_edition_Soil_description_sheet_v1.1.xlsx#Layer descriptions$N$4,
14,Layer descriptions$O$4,Coarse fragments,codelist,,,"Size and shape class 2 - Coarse fragments",https://obrl-soil.github.io/wrbsoil2022/annex-01-field-guide.html#tbl-a1833,http://w3id.org/glosis/model/layerhorizon/FragmentsClass,https://wrb.isric.org/files/WRB_4th_edition_Soil_description_sheet_v1.1.xlsx#Layer descriptions$O$4,
15,Layer descriptions$P$4,Coarse fragments,codelist,,,"Size and shape class 3 - Coarse fragments",https://obrl-soil.github.io/wrbsoil2022/annex-01-field-guide.html#tbl-a1833,http://w3id.org/glosis/model/layerhorizon/FragmentsClass,https://wrb.isric.org/files/WRB_4th_edition_Soil_description_sheet_v1.1.xlsx#Layer descriptions$P$4,
16,Layer descriptions$Q$4,Coarse fragments,codelist,,,"Size and shape class 4 - Coarse fragments",https://obrl-soil.github.io/wrbsoil2022/annex-01-field-guide.html#tbl-a1833,http://w3id.org/glosis/model/layerhorizon/FragmentsClass,https://wrb.isric.org/files/WRB_4th_edition_Soil_description_sheet_v1.1.xlsx#Layer descriptions$Q$4,
17,Layer descriptions$R$4,Coarse fragments,codelist,,,"Weathering stage of size and shape class 1 - Coarse fragments",https://obrl-soil.github.io/wrbsoil2022/annex-01-field-guide.html#tbl-a1834,,https://wrb.isric.org/files/WRB_4th_edition_Soil_description_sheet_v1.1.xlsx#Layer descriptions$R$4,
18,Layer descriptions$S$4,Coarse fragments,codelist,,,"Weathering stage of size and shape class 2 - Coarse fragments",https://obrl-soil.github.io/wrbsoil2022/annex-01-field-guide.html#tbl-a1834,,https://wrb.isric.org/files/WRB_4th_edition_Soil_description_sheet_v1.1.xlsx#Layer descriptions$S$4,
19,Layer descriptions$T$4,Coarse fragments,codelist,,,"Weathering stage of size and shape class 3 - Coarse fragments",https://obrl-soil.github.io/wrbsoil2022/annex-01-field-guide.html#tbl-a1834,,https://wrb.isric.org/files/WRB_4th_edition_Soil_description_sheet_v1.1.xlsx#Layer descriptions$T$4,
20,Layer descriptions$U$4,Coarse fragments,codelist,,,"Weathering stage of size and shape class 4 - Coarse fragments",https://obrl-soil.github.io/wrbsoil2022/annex-01-field-guide.html#tbl-a1834,,https://wrb.isric.org/files/WRB_4th_edition_Soil_description_sheet_v1.1.xlsx#Layer descriptions$U$4,
21,Layer descriptions$V$4,Coarse fragments,%,daL/m3,,"Abundance of size and shape class 1, by volume [%] - Coarse fragments",https://obrl-soil.github.io/wrbsoil2022/annex-01-field-guide.html#sec-a1-847-a,http://w3id.org/glosis/model/layerhorizon/CoarseFragmentsValue,https://wrb.isric.org/files/WRB_4th_edition_Soil_description_sheet_v1.1.xlsx#Layer descriptions$V$4,
22,Layer descriptions$W$4,Coarse fragments,%,daL/m3,,"Abundance of size and shape class 2, by volume [%] - Coarse fragments",https://obrl-soil.github.io/wrbsoil2022/annex-01-field-guide.html#sec-a1-847-a,http://w3id.org/glosis/model/layerhorizon/CoarseFragmentsValue,https://wrb.isric.org/files/WRB_4th_edition_Soil_description_sheet_v1.1.xlsx#Layer descriptions$W$4,
23,Layer descriptions$X$4,Coarse fragments,%,daL/m3,,"Abundance of size and shape class 3, by volume [%] - Coarse fragments",https://obrl-soil.github.io/wrbsoil2022/annex-01-field-guide.html#sec-a1-847-a,http://w3id.org/glosis/model/layerhorizon/CoarseFragmentsValue,https://wrb.isric.org/files/WRB_4th_edition_Soil_description_sheet_v1.1.xlsx#Layer descriptions$X$4,
24,Layer descriptions$Y$4,Coarse fragments,%,daL/m3,,"Abundance of size and shape class 4, by volume [%] - Coarse fragments",https://obrl-soil.github.io/wrbsoil2022/annex-01-field-guide.html#sec-a1-847-a,http://w3id.org/glosis/model/layerhorizon/CoarseFragmentsValue,https://wrb.isric.org/files/WRB_4th_edition_Soil_description_sheet_v1.1.xlsx#Layer descriptions$Y$4,
25,Layer descriptions$Z$4,Remnants of broken-up cemented layers,%,daL/m3,,"Total abundance, by volume [%] - Remnants of broken-up cemented layers",https://obrl-soil.github.io/wrbsoil2022/annex-01-field-guide.html#sec-a1-847-a,,https://wrb.isric.org/files/WRB_4th_edition_Soil_description_sheet_v1.1.xlsx#Layer descriptions$Z$4,
26,Layer descriptions$AA$4,Remnants of broken-up cemented layers,codelist,,,"Cementing agent 1 (dominant) - Remnants of broken-up cemented layers",https://obrl-soil.github.io/wrbsoil2022/annex-01-field-guide.html#tbl-a1835,http://w3id.org/glosis/model/layerhorizon/cementationNatureProperty,https://wrb.isric.org/files/WRB_4th_edition_Soil_description_sheet_v1.1.xlsx#Layer descriptions$AA$4,
27,Layer descriptions$AB$4,Remnants of broken-up cemented layers,codelist,,,"Cementing agent 2 - Remnants of broken-up cemented layers",https://obrl-soil.github.io/wrbsoil2022/annex-01-field-guide.html#tbl-a1835,http://w3id.org/glosis/model/layerhorizon/cementationNatureProperty,https://wrb.isric.org/files/WRB_4th_edition_Soil_description_sheet_v1.1.xlsx#Layer descriptions$AB$4,
28,Layer descriptions$AC$4,Remnants of broken-up cemented layers,codelist,,,"Size and shape class of remnants cemented by cementing agent 1 - Remnants of broken-up cemented layers",https://obrl-soil.github.io/wrbsoil2022/annex-01-field-guide.html#tbl-a1833,,https://wrb.isric.org/files/WRB_4th_edition_Soil_description_sheet_v1.1.xlsx#Layer descriptions$AC$4,
29,Layer descriptions$AD$4,Remnants of broken-up cemented layers,codelist,,,"Size and shape class of remnants cemented by cementing agent 2 - Remnants of broken-up cemented layers",https://obrl-soil.github.io/wrbsoil2022/annex-01-field-guide.html#tbl-a1833,,https://wrb.isric.org/files/WRB_4th_edition_Soil_description_sheet_v1.1.xlsx#Layer descriptions$AD$4,
30,Layer descriptions$AE$4,Remnants of broken-up cemented layers,%,daL/m3,,"Abundance of remnants cemented by cementing agent 1, by volume [%] - Remnants of broken-up cemented layers",https://obrl-soil.github.io/wrbsoil2022/annex-01-field-guide.html#sec-a1-847-a,,https://wrb.isric.org/files/WRB_4th_edition_Soil_description_sheet_v1.1.xlsx#Layer descriptions$AE$4,
31,Layer descriptions$AF$4,Remnants of broken-up cemented layers,%,daL/m3,,"Abundance of remnants cemented by cementing agent 2, by volume [%] - Remnants of broken-up cemented layers",https://obrl-soil.github.io/wrbsoil2022/annex-01-field-guide.html#sec-a1-847-a,,https://wrb.isric.org/files/WRB_4th_edition_Soil_description_sheet_v1.1.xlsx#Layer descriptions$AF$4,
32,Layer descriptions$AG$3,Coarse fragments and remnants of broken-up cemented layers,%,daL/m3,,"Free large pores between coarse fragments, by volume [%] - Coarse fragments and remnants of broken-up cemented layers",https://obrl-soil.github.io/wrbsoil2022/annex-01-field-guide.html#sec-a1-847-p,,https://wrb.isric.org/files/WRB_4th_edition_Soil_description_sheet_v1.1.xlsx#Layer descriptions$AG$3,
33,Layer descriptions$AH$3,Artefacts,%,daL/m3,,"Total abundance, by volume [%] - Artefacts",https://obrl-soil.github.io/wrbsoil2022/annex-01-field-guide.html#sec-a1-847-a,,https://wrb.isric.org/files/WRB_4th_edition_Soil_description_sheet_v1.1.xlsx#Layer descriptions$AH$3,
34,Layer descriptions$AI$3,Artefacts,%,dm2/m2,,"Black carbon, by exposed area [%] - Artefacts",https://obrl-soil.github.io/wrbsoil2022/annex-01-field-guide.html#sec-a1-848-a,,https://wrb.isric.org/files/WRB_4th_edition_Soil_description_sheet_v1.1.xlsx#Layer descriptions$AI$3,
35,Layer descriptions$AJ$3,Artefacts,,,,"Type 1 (dominant) - Artefacts",https://obrl-soil.github.io/wrbsoil2022/annex-01-field-guide.html#tbl-a1836,,https://wrb.isric.org/files/WRB_4th_edition_Soil_description_sheet_v1.1.xlsx#Layer descriptions$AJ$3,
36,Layer descriptions$AK$3,Artefacts,,,,"Type 2 - Artefacts",https://obrl-soil.github.io/wrbsoil2022/annex-01-field-guide.html#tbl-a1836,,https://wrb.isric.org/files/WRB_4th_edition_Soil_description_sheet_v1.1.xlsx#Layer descriptions$AK$3,
37,Layer descriptions$AL$3,Artefacts,,,,"Type 3 - Artefacts",https://obrl-soil.github.io/wrbsoil2022/annex-01-field-guide.html#tbl-a1836,,https://wrb.isric.org/files/WRB_4th_edition_Soil_description_sheet_v1.1.xlsx#Layer descriptions$AL$3,
38,Layer descriptions$AM$3,Artefacts,,,,"Type 4 - Artefacts",https://obrl-soil.github.io/wrbsoil2022/annex-01-field-guide.html#tbl-a1836,,https://wrb.isric.org/files/WRB_4th_edition_Soil_description_sheet_v1.1.xlsx#Layer descriptions$AM$3,
39,Layer descriptions$AN$3,Artefacts,,,,"Type 5 - Artefacts",https://obrl-soil.github.io/wrbsoil2022/annex-01-field-guide.html#tbl-a1836,,https://wrb.isric.org/files/WRB_4th_edition_Soil_description_sheet_v1.1.xlsx#Layer descriptions$AN$3,
40,Layer descriptions$AO$3,Artefacts,codelist,,,"Size class of type 1 - Artefacts",https://obrl-soil.github.io/wrbsoil2022/annex-01-field-guide.html#tbl-a1837,,https://wrb.isric.org/files/WRB_4th_edition_Soil_description_sheet_v1.1.xlsx#Layer descriptions$AO$3,
41,Layer descriptions$AP$3,Artefacts,codelist,,,"Size class of type 2 - Artefacts",https://obrl-soil.github.io/wrbsoil2022/annex-01-field-guide.html#tbl-a1837,,https://wrb.isric.org/files/WRB_4th_edition_Soil_description_sheet_v1.1.xlsx#Layer descriptions$AP$3,
42,Layer descriptions$AQ$3,Artefacts,codelist,,,"Size class of type 3 - Artefacts",https://obrl-soil.github.io/wrbsoil2022/annex-01-field-guide.html#tbl-a1837,,https://wrb.isric.org/files/WRB_4th_edition_Soil_description_sheet_v1.1.xlsx#Layer descriptions$AQ$3,
43,Layer descriptions$AR$3,Artefacts,codelist,,,"Size class of type 4 - Artefacts",https://obrl-soil.github.io/wrbsoil2022/annex-01-field-guide.html#tbl-a1837,,https://wrb.isric.org/files/WRB_4th_edition_Soil_description_sheet_v1.1.xlsx#Layer descriptions$AR$3,
44,Layer descriptions$AS$3,Artefacts,codelist,,,"Size class of type 5 - Artefacts",https://obrl-soil.github.io/wrbsoil2022/annex-01-field-guide.html#tbl-a1837,,https://wrb.isric.org/files/WRB_4th_edition_Soil_description_sheet_v1.1.xlsx#Layer descriptions$AS$3,
45,Layer descriptions$AT$3,Artefacts,%,daL/m3,,"Abundance of type 1, by volume [%] - Artefacts",https://obrl-soil.github.io/wrbsoil2022/annex-01-field-guide.html#sec-a1-847-a,,https://wrb.isric.org/files/WRB_4th_edition_Soil_description_sheet_v1.1.xlsx#Layer descriptions$AT$3,
46,Layer descriptions$AU$3,Artefacts,%,daL/m3,,"Abundance of type 2, by volume [%] - Artefacts",https://obrl-soil.github.io/wrbsoil2022/annex-01-field-guide.html#sec-a1-847-a,,https://wrb.isric.org/files/WRB_4th_edition_Soil_description_sheet_v1.1.xlsx#Layer descriptions$AU$3,
47,Layer descriptions$AV$3,Artefacts,%,daL/m3,,"Abundance of type 3, by volume [%] - Artefacts",https://obrl-soil.github.io/wrbsoil2022/annex-01-field-guide.html#sec-a1-847-a,,https://wrb.isric.org/files/WRB_4th_edition_Soil_description_sheet_v1.1.xlsx#Layer descriptions$AV$3,
48,Layer descriptions$AW$3,Artefacts,%,daL/m3,,"Abundance of type 4, by volume [%] - Artefacts",https://obrl-soil.github.io/wrbsoil2022/annex-01-field-guide.html#sec-a1-847-a,,https://wrb.isric.org/files/WRB_4th_edition_Soil_description_sheet_v1.1.xlsx#Layer descriptions$AW$3,
49,Layer descriptions$AX$3,Artefacts,%,daL/m3,,"Abundance of type 5, by volume [%] - Artefacts",https://obrl-soil.github.io/wrbsoil2022/annex-01-field-guide.html#sec-a1-847-a,,https://wrb.isric.org/files/WRB_4th_edition_Soil_description_sheet_v1.1.xlsx#Layer descriptions$AX$3,
50,Layer descriptions$AY$2,Chapter 8.4.9,codelist,,,"Texture class - Chapter 8.4.9",https://obrl-soil.github.io/wrbsoil2022/annex-01-field-guide.html#tbl-a1839,,https://wrb.isric.org/files/WRB_4th_edition_Soil_description_sheet_v1.1.xlsx#Layer descriptions$AY$2,
51,Layer descriptions$AZ$2,Chapter 8.4.9,codelist,,,"Subclass of the texture classes sand and loamy sand - Chapter 8.4.9",https://obrl-soil.github.io/wrbsoil2022/annex-01-field-guide.html#tbl-a1840,,https://wrb.isric.org/files/WRB_4th_edition_Soil_description_sheet_v1.1.xlsx#Layer descriptions$AZ$2,
52,Layer descriptions$BA$4,First-level structure - Type 1,,,,"Type 1 - First-level structure - Type 1",https://obrl-soil.github.io/wrbsoil2022/annex-01-field-guide.html#tbl-a1841,,https://wrb.isric.org/files/WRB_4th_edition_Soil_description_sheet_v1.1.xlsx#Layer descriptions$BA$4,
53,Layer descriptions$BB$5,First-level structure - Type 1,%,daL/m3,,"Abundance of type 1, by volume [%] - First-level structure - Type 1",https://obrl-soil.github.io/wrbsoil2022/annex-01-field-guide.html#sec-a1-847-a,,https://wrb.isric.org/files/WRB_4th_edition_Soil_description_sheet_v1.1.xlsx#Layer descriptions$BB$5,
54,Layer descriptions$BC$5,First-level structure - Type 1,,,,"Grade - First-level structure - Type 1",https://obrl-soil.github.io/wrbsoil2022/annex-01-field-guide.html#tbl-a1843,http://w3id.org/glosis/model/layerhorizon/structureGradeProperty,https://wrb.isric.org/files/WRB_4th_edition_Soil_description_sheet_v1.1.xlsx#Layer descriptions$BC$5,
55,Layer descriptions$BD$5,First-level structure - Type 1,,,,"Penetrability for roots - First-level structure - Type 1",https://obrl-soil.github.io/wrbsoil2022/annex-01-field-guide.html#tbl-a1844,,https://wrb.isric.org/files/WRB_4th_edition_Soil_description_sheet_v1.1.xlsx#Layer descriptions$BD$5,
56,Layer descriptions$BE$5,First-level structure - Type 1,mm,mm,MilliM,"Size class 1 [mm] - First-level structure - Type 1",https://obrl-soil.github.io/wrbsoil2022/annex-01-field-guide.html#tbl-a1845,http://w3id.org/glosis/model/layerhorizon/structureSizeProperty,https://wrb.isric.org/files/WRB_4th_edition_Soil_description_sheet_v1.1.xlsx#Layer descriptions$BE$5,
57,Layer descriptions$BF$5,First-level structure - Type 1,mm,mm,MilliM,"Size class 2 - First-level structure - Type 1",https://obrl-soil.github.io/wrbsoil2022/annex-01-field-guide.html#tbl-a1845,http://w3id.org/glosis/model/layerhorizon/structureSizeProperty,https://wrb.isric.org/files/WRB_4th_edition_Soil_description_sheet_v1.1.xlsx#Layer descriptions$BF$5,
58,Layer descriptions$BG$5,First-level structure - Type 1,%,daL/m3,,"Abundance of size class 1, by volume [%] - First-level structure - Type 1",https://obrl-soil.github.io/wrbsoil2022/annex-01-field-guide.html#sec-a1-847-a,,https://wrb.isric.org/files/WRB_4th_edition_Soil_description_sheet_v1.1.xlsx#Layer descriptions$BG$5,
59,Layer descriptions$BH$5,First-level structure - Type 1,%,daL/m3,,"Abundance of size class 2, by volume [%] - First-level structure - Type 1",https://obrl-soil.github.io/wrbsoil2022/annex-01-field-guide.html#sec-a1-847-a,,https://wrb.isric.org/files/WRB_4th_edition_Soil_description_sheet_v1.1.xlsx#Layer descriptions$BH$5,
60,Layer descriptions$BI$4,First-level structure - Type 2,,,,"Type 2 - First-level structure - Type 2",https://obrl-soil.github.io/wrbsoil2022/annex-01-field-guide.html#tbl-a1841,,https://wrb.isric.org/files/WRB_4th_edition_Soil_description_sheet_v1.1.xlsx#Layer descriptions$BI$4,
61,Layer descriptions$BJ$5,First-level structure - Type 2,%,daL/m3,,"Abundance of type 2, by volume [%] - First-level structure - Type 2",https://obrl-soil.github.io/wrbsoil2022/annex-01-field-guide.html#sec-a1-847-a,,https://wrb.isric.org/files/WRB_4th_edition_Soil_description_sheet_v1.1.xlsx#Layer descriptions$BJ$5,
62,Layer descriptions$BK$5,First-level structure - Type 2,,,,"Grade - First-level structure - Type 2",https://obrl-soil.github.io/wrbsoil2022/annex-01-field-guide.html#tbl-a1843,http://w3id.org/glosis/model/layerhorizon/structureGradeProperty,https://wrb.isric.org/files/WRB_4th_edition_Soil_description_sheet_v1.1.xlsx#Layer descriptions$BK$5,
63,Layer descriptions$BL$5,First-level structure - Type 2,,,,"Penetrability for roots - First-level structure - Type 2",https://obrl-soil.github.io/wrbsoil2022/annex-01-field-guide.html#tbl-a1844,,https://wrb.isric.org/files/WRB_4th_edition_Soil_description_sheet_v1.1.xlsx#Layer descriptions$BL$5,
64,Layer descriptions$BM$5,First-level structure - Type 2,codelist,,,"Size class 1 - First-level structure - Type 2",https://obrl-soil.github.io/wrbsoil2022/annex-01-field-guide.html#tbl-a1845,http://w3id.org/glosis/model/layerhorizon/structureSizeProperty,https://wrb.isric.org/files/WRB_4th_edition_Soil_description_sheet_v1.1.xlsx#Layer descriptions$BM$5,
65,Layer descriptions$BN$5,First-level structure - Type 2,codelist,,,"Size class 2 - First-level structure - Type 2",https://obrl-soil.github.io/wrbsoil2022/annex-01-field-guide.html#tbl-a1845,http://w3id.org/glosis/model/layerhorizon/structureSizeProperty,https://wrb.isric.org/files/WRB_4th_edition_Soil_description_sheet_v1.1.xlsx#Layer descriptions$BN$5,
66,Layer descriptions$BO$5,First-level structure - Type 2,%,daL/m3,,"Abundance of size class 1, by volume [%] - First-level structure - Type 2",https://obrl-soil.github.io/wrbsoil2022/annex-01-field-guide.html#sec-a1-847-a,,https://wrb.isric.org/files/WRB_4th_edition_Soil_description_sheet_v1.1.xlsx#Layer descriptions$BO$5,
67,Layer descriptions$BP$5,First-level structure - Type 2,%,daL/m3,,"Abundance of size class 2, by volume [%] - First-level structure - Type 2",https://obrl-soil.github.io/wrbsoil2022/annex-01-field-guide.html#sec-a1-847-a,,https://wrb.isric.org/files/WRB_4th_edition_Soil_description_sheet_v1.1.xlsx#Layer descriptions$BP$5,
68,Layer descriptions$BQ$4,First-level structure - Type 3,,,,"Type 3 - First-level structure - Type 3",https://obrl-soil.github.io/wrbsoil2022/annex-01-field-guide.html#tbl-a1841,,https://wrb.isric.org/files/WRB_4th_edition_Soil_description_sheet_v1.1.xlsx#Layer descriptions$BQ$4,
69,Layer descriptions$BR$5,First-level structure - Type 3,%,daL/m3,,"Abundance of type 3, by volume [%] - First-level structure - Type 3",https://obrl-soil.github.io/wrbsoil2022/annex-01-field-guide.html#sec-a1-847-a,,https://wrb.isric.org/files/WRB_4th_edition_Soil_description_sheet_v1.1.xlsx#Layer descriptions$BR$5,
70,Layer descriptions$BS$5,First-level structure - Type 3,,,,"Grade - First-level structure - Type 3",https://obrl-soil.github.io/wrbsoil2022/annex-01-field-guide.html#tbl-a1843,http://w3id.org/glosis/model/layerhorizon/structureGradeProperty,https://wrb.isric.org/files/WRB_4th_edition_Soil_description_sheet_v1.1.xlsx#Layer descriptions$BS$5,
71,Layer descriptions$BT$5,First-level structure - Type 3,,,,"Penetrability for roots - First-level structure - Type 3",https://obrl-soil.github.io/wrbsoil2022/annex-01-field-guide.html#tbl-a1844,,https://wrb.isric.org/files/WRB_4th_edition_Soil_description_sheet_v1.1.xlsx#Layer descriptions$BT$5,
72,Layer descriptions$BU$5,First-level structure - Type 3,codelist,,,"Size class 1 - First-level structure - Type 3",https://obrl-soil.github.io/wrbsoil2022/annex-01-field-guide.html#tbl-a1845,http://w3id.org/glosis/model/layerhorizon/structureSizeProperty,https://wrb.isric.org/files/WRB_4th_edition_Soil_description_sheet_v1.1.xlsx#Layer descriptions$BU$5,
73,Layer descriptions$BV$5,First-level structure - Type 3,codelist,,,"Size class 2 - First-level structure - Type 3",https://obrl-soil.github.io/wrbsoil2022/annex-01-field-guide.html#tbl-a1845,http://w3id.org/glosis/model/layerhorizon/structureSizeProperty,https://wrb.isric.org/files/WRB_4th_edition_Soil_description_sheet_v1.1.xlsx#Layer descriptions$BV$5,
74,Layer descriptions$BW$5,First-level structure - Type 3,%,daL/m3,,"Abundance of size class 1, by volume [%] - First-level structure - Type 3",https://obrl-soil.github.io/wrbsoil2022/annex-01-field-guide.html#sec-a1-847-a,,https://wrb.isric.org/files/WRB_4th_edition_Soil_description_sheet_v1.1.xlsx#Layer descriptions$BW$5,
75,Layer descriptions$BX$5,First-level structure - Type 3,%,daL/m3,,"Abundance of size class 2, by volume [%] - First-level structure - Type 3",https://obrl-soil.github.io/wrbsoil2022/annex-01-field-guide.html#sec-a1-847-a,,https://wrb.isric.org/files/WRB_4th_edition_Soil_description_sheet_v1.1.xlsx#Layer descriptions$BX$5,
76,Layer descriptions$BY$4,Second-level structure - Type 1.1,,,,"Type - Second-level structure - Type 1.1",https://obrl-soil.github.io/wrbsoil2022/annex-01-field-guide.html#tbl-a1841,,https://wrb.isric.org/files/WRB_4th_edition_Soil_description_sheet_v1.1.xlsx#Layer descriptions$BY$4,
77,Layer descriptions$BZ$5,Second-level structure - Type 1.1,%,daL/m3,,"Abundance of type 1.1, by volume [%] - Second-level structure - Type 1.1",https://obrl-soil.github.io/wrbsoil2022/annex-01-field-guide.html#sec-a1-847-a,,https://wrb.isric.org/files/WRB_4th_edition_Soil_description_sheet_v1.1.xlsx#Layer descriptions$BZ$5,
78,Layer descriptions$CA$5,Second-level structure - Type 1.1,,,,"Grade - Second-level structure - Type 1.1",https://obrl-soil.github.io/wrbsoil2022/annex-01-field-guide.html#tbl-a1843,http://w3id.org/glosis/model/layerhorizon/structureGradeProperty,https://wrb.isric.org/files/WRB_4th_edition_Soil_description_sheet_v1.1.xlsx#Layer descriptions$CA$5,
79,Layer descriptions$CB$5,Second-level structure - Type 1.1,,,,"Penetrability for roots - Second-level structure - Type 1.1",https://obrl-soil.github.io/wrbsoil2022/annex-01-field-guide.html#tbl-a1844,,https://wrb.isric.org/files/WRB_4th_edition_Soil_description_sheet_v1.1.xlsx#Layer descriptions$CB$5,
80,Layer descriptions$CC$5,Second-level structure - Type 1.1,codelist,,,"Size class 1 - Second-level structure - Type 1.1",https://obrl-soil.github.io/wrbsoil2022/annex-01-field-guide.html#tbl-a1845,http://w3id.org/glosis/model/layerhorizon/structureSizeProperty,https://wrb.isric.org/files/WRB_4th_edition_Soil_description_sheet_v1.1.xlsx#Layer descriptions$CC$5,
81,Layer descriptions$CD$5,Second-level structure - Type 1.1,codelist,,,"Size class 2 - Second-level structure - Type 1.1",https://obrl-soil.github.io/wrbsoil2022/annex-01-field-guide.html#tbl-a1845,http://w3id.org/glosis/model/layerhorizon/structureSizeProperty,https://wrb.isric.org/files/WRB_4th_edition_Soil_description_sheet_v1.1.xlsx#Layer descriptions$CD$5,
82,Layer descriptions$CE$5,Second-level structure - Type 1.1,%,daL/m3,,"Abundance of size class 1, by volume [%] - Second-level structure - Type 1.1",https://obrl-soil.github.io/wrbsoil2022/annex-01-field-guide.html#sec-a1-847-a,,https://wrb.isric.org/files/WRB_4th_edition_Soil_description_sheet_v1.1.xlsx#Layer descriptions$CE$5,
83,Layer descriptions$CF$5,Second-level structure - Type 1.1,%,daL/m3,,"Abundance of size class 2, by volume [%] - Second-level structure - Type 1.1",https://obrl-soil.github.io/wrbsoil2022/annex-01-field-guide.html#sec-a1-847-a,,https://wrb.isric.org/files/WRB_4th_edition_Soil_description_sheet_v1.1.xlsx#Layer descriptions$CF$5,
84,Layer descriptions$CG$5,Second-level structure - Type 1.2,,,,"Type - Second-level structure - Type 1.2",https://obrl-soil.github.io/wrbsoil2022/annex-01-field-guide.html#tbl-a1841,,https://wrb.isric.org/files/WRB_4th_edition_Soil_description_sheet_v1.1.xlsx#Layer descriptions$CG$5,
85,Layer descriptions$CH$5,Second-level structure - Type 1.2,%,daL/m3,,"Abundance of type 1.2, by volume [%] - Second-level structure - Type 1.2",https://obrl-soil.github.io/wrbsoil2022/annex-01-field-guide.html#sec-a1-847-a,,https://wrb.isric.org/files/WRB_4th_edition_Soil_description_sheet_v1.1.xlsx#Layer descriptions$CH$5,
86,Layer descriptions$CI$5,Second-level structure - Type 1.2,,,,"Grade - Second-level structure - Type 1.2",https://obrl-soil.github.io/wrbsoil2022/annex-01-field-guide.html#tbl-a1843,http://w3id.org/glosis/model/layerhorizon/structureGradeProperty,https://wrb.isric.org/files/WRB_4th_edition_Soil_description_sheet_v1.1.xlsx#Layer descriptions$CI$5,
87,Layer descriptions$CJ$5,Second-level structure - Type 1.2,,,,"Penetrability for roots - Second-level structure - Type 1.2",https://obrl-soil.github.io/wrbsoil2022/annex-01-field-guide.html#tbl-a1844,,https://wrb.isric.org/files/WRB_4th_edition_Soil_description_sheet_v1.1.xlsx#Layer descriptions$CJ$5,
88,Layer descriptions$CK$5,Second-level structure - Type 1.2,codelist,,,"Size class 1 - Second-level structure - Type 1.2",https://obrl-soil.github.io/wrbsoil2022/annex-01-field-guide.html#tbl-a1845,http://w3id.org/glosis/model/layerhorizon/structureSizeProperty,https://wrb.isric.org/files/WRB_4th_edition_Soil_description_sheet_v1.1.xlsx#Layer descriptions$CK$5,
89,Layer descriptions$CL$5,Second-level structure - Type 1.2,codelist,,,"Size class 2 - Second-level structure - Type 1.2",https://obrl-soil.github.io/wrbsoil2022/annex-01-field-guide.html#tbl-a1845,http://w3id.org/glosis/model/layerhorizon/structureSizeProperty,https://wrb.isric.org/files/WRB_4th_edition_Soil_description_sheet_v1.1.xlsx#Layer descriptions$CL$5,
90,Layer descriptions$CM$5,Second-level structure - Type 1.2,%,daL/m3,,"Abundance of size class 1, by volume [%] - Second-level structure - Type 1.2",https://obrl-soil.github.io/wrbsoil2022/annex-01-field-guide.html#sec-a1-847-a,,https://wrb.isric.org/files/WRB_4th_edition_Soil_description_sheet_v1.1.xlsx#Layer descriptions$CM$5,
91,Layer descriptions$CN$5,Second-level structure - Type 1.2,%,daL/m3,,"Abundance of size class 2, by volume [%] - Second-level structure - Type 1.2",https://obrl-soil.github.io/wrbsoil2022/annex-01-field-guide.html#sec-a1-847-a,,https://wrb.isric.org/files/WRB_4th_edition_Soil_description_sheet_v1.1.xlsx#Layer descriptions$CN$5,
92,Layer descriptions$CO$5,Third-level structure - Type 1.1.1,,,,"Type - Third-level structure - Type 1.1.1",https://obrl-soil.github.io/wrbsoil2022/annex-01-field-guide.html#tbl-a1841,,https://wrb.isric.org/files/WRB_4th_edition_Soil_description_sheet_v1.1.xlsx#Layer descriptions$CO$5,
93,Layer descriptions$CP$5,Third-level structure - Type 1.1.1,%,daL/m3,,"Abundance of type 1.1.1, by volume [%] - Third-level structure - Type 1.1.1",https://obrl-soil.github.io/wrbsoil2022/annex-01-field-guide.html#sec-a1-847-a,,https://wrb.isric.org/files/WRB_4th_edition_Soil_description_sheet_v1.1.xlsx#Layer descriptions$CP$5,
94,Layer descriptions$CQ$5,Third-level structure - Type 1.1.1,,,,"Grade - Third-level structure - Type 1.1.1",https://obrl-soil.github.io/wrbsoil2022/annex-01-field-guide.html#tbl-a1843,http://w3id.org/glosis/model/layerhorizon/structureGradeProperty,https://wrb.isric.org/files/WRB_4th_edition_Soil_description_sheet_v1.1.xlsx#Layer descriptions$CQ$5,
95,Layer descriptions$CR$5,Third-level structure - Type 1.1.1,,,,"Penetrability for roots - Third-level structure - Type 1.1.1",https://obrl-soil.github.io/wrbsoil2022/annex-01-field-guide.html#tbl-a1844,,https://wrb.isric.org/files/WRB_4th_edition_Soil_description_sheet_v1.1.xlsx#Layer descriptions$CR$5,
96,Layer descriptions$CS$5,Third-level structure - Type 1.1.1,codelist,,,"Size class 1 - Third-level structure - Type 1.1.1",https://obrl-soil.github.io/wrbsoil2022/annex-01-field-guide.html#tbl-a1845,http://w3id.org/glosis/model/layerhorizon/structureSizeProperty,https://wrb.isric.org/files/WRB_4th_edition_Soil_description_sheet_v1.1.xlsx#Layer descriptions$CS$5,
97,Layer descriptions$CT$5,Third-level structure - Type 1.1.1,codelist,,,"Size class 2 - Third-level structure - Type 1.1.1",https://obrl-soil.github.io/wrbsoil2022/annex-01-field-guide.html#tbl-a1845,http://w3id.org/glosis/model/layerhorizon/structureSizeProperty,https://wrb.isric.org/files/WRB_4th_edition_Soil_description_sheet_v1.1.xlsx#Layer descriptions$CT$5,
98,Layer descriptions$CU$5,Third-level structure - Type 1.1.1,%,daL/m3,,"Abundance of size class 1, by volume [%] - Third-level structure - Type 1.1.1",https://obrl-soil.github.io/wrbsoil2022/annex-01-field-guide.html#sec-a1-847-a,,https://wrb.isric.org/files/WRB_4th_edition_Soil_description_sheet_v1.1.xlsx#Layer descriptions$CU$5,
99,Layer descriptions$CV$5,Third-level structure - Type 1.1.1,%,daL/m3,,"Abundance of size class 2, by volume [%] - Third-level structure - Type 1.1.1",https://obrl-soil.github.io/wrbsoil2022/annex-01-field-guide.html#sec-a1-847-a,,https://wrb.isric.org/files/WRB_4th_edition_Soil_description_sheet_v1.1.xlsx#Layer descriptions$CV$5,
100,Layer descriptions$CW$3,Chapter 8.4.10,%,daL/m3,,"Wedge-shaped aggregates abundance, by volume [%] - Chapter 8.4.10",https://obrl-soil.github.io/wrbsoil2022/annex-01-field-guide.html#sec-a1-847-a,,https://wrb.isric.org/files/WRB_4th_edition_Soil_description_sheet_v1.1.xlsx#Layer descriptions$CW$3,
101,Layer descriptions$CX$4,Non-matrix pores,,,,"Type - Non-matrix pores",https://obrl-soil.github.io/wrbsoil2022/annex-01-field-guide.html#tbl-a1846,,https://wrb.isric.org/files/WRB_4th_edition_Soil_description_sheet_v1.1.xlsx#Layer descriptions$CX$4,
102,Layer descriptions$CY$4,Non-matrix pores,codelist,,,"Dominant size class - Non-matrix pores",https://obrl-soil.github.io/wrbsoil2022/annex-01-field-guide.html#tbl-a1847,http://w3id.org/glosis/model/layerhorizon/PoresSize,https://wrb.isric.org/files/WRB_4th_edition_Soil_description_sheet_v1.1.xlsx#Layer descriptions$CY$4,
103,Layer descriptions$CZ$4,Non-matrix pores,,,,"Abundance - Non-matrix pores",https://obrl-soil.github.io/wrbsoil2022/annex-01-field-guide.html#tbl-a1848,http://w3id.org/glosis/model/layerhorizon/PoresAbundance,https://wrb.isric.org/files/WRB_4th_edition_Soil_description_sheet_v1.1.xlsx#Layer descriptions$CZ$4,
104,Layer descriptions$DA$3,Non-matrix pores,,,,"Type 2 - Non-matrix pores",https://obrl-soil.github.io/wrbsoil2022/annex-01-field-guide.html#tbl-a1846,,https://wrb.isric.org/files/WRB_4th_edition_Soil_description_sheet_v1.1.xlsx#Layer descriptions$DA$3,
105,Layer descriptions$DB$4,Non-matrix pores,codelist,,,"Dominant size class 2 - Non-matrix pores",https://obrl-soil.github.io/wrbsoil2022/annex-01-field-guide.html#tbl-a1847,http://w3id.org/glosis/model/layerhorizon/PoresSize,https://wrb.isric.org/files/WRB_4th_edition_Soil_description_sheet_v1.1.xlsx#Layer descriptions$DB$4,
106,Layer descriptions$DC$4,Non-matrix pores,,,,"Abundance 2 - Non-matrix pores",https://obrl-soil.github.io/wrbsoil2022/annex-01-field-guide.html#tbl-a1848,http://w3id.org/glosis/model/layerhorizon/PoresAbundance,https://wrb.isric.org/files/WRB_4th_edition_Soil_description_sheet_v1.1.xlsx#Layer descriptions$DC$4,
107,Layer descriptions$DD$3,Non-matrix pores,,,,"Type 3 - Non-matrix pores",https://obrl-soil.github.io/wrbsoil2022/annex-01-field-guide.html#tbl-a1846,,https://wrb.isric.org/files/WRB_4th_edition_Soil_description_sheet_v1.1.xlsx#Layer descriptions$DD$3,
108,Layer descriptions$DE$4,Non-matrix pores,codelist,,,"Dominant size class 3 - Non-matrix pores",https://obrl-soil.github.io/wrbsoil2022/annex-01-field-guide.html#tbl-a1847,http://w3id.org/glosis/model/layerhorizon/PoresSize,https://wrb.isric.org/files/WRB_4th_edition_Soil_description_sheet_v1.1.xlsx#Layer descriptions$DE$4,
109,Layer descriptions$DF$4,Non-matrix pores,,,,"Abundance 3 - Non-matrix pores",https://obrl-soil.github.io/wrbsoil2022/annex-01-field-guide.html#tbl-a1848,http://w3id.org/glosis/model/layerhorizon/PoresAbundance,https://wrb.isric.org/files/WRB_4th_edition_Soil_description_sheet_v1.1.xlsx#Layer descriptions$DF$4,
110,Layer descriptions$DG$3,Non-matrix pores,,,,"Type 4 - Non-matrix pores",https://obrl-soil.github.io/wrbsoil2022/annex-01-field-guide.html#tbl-a1846,,https://wrb.isric.org/files/WRB_4th_edition_Soil_description_sheet_v1.1.xlsx#Layer descriptions$DG$3,
111,Layer descriptions$DH$4,Non-matrix pores,codelist,,,"Dominant size class 4 - Non-matrix pores",https://obrl-soil.github.io/wrbsoil2022/annex-01-field-guide.html#tbl-a1847,http://w3id.org/glosis/model/layerhorizon/PoresSize,https://wrb.isric.org/files/WRB_4th_edition_Soil_description_sheet_v1.1.xlsx#Layer descriptions$DH$4,
112,Layer descriptions$DI$4,Non-matrix pores,,,,"Abundance 4 - Non-matrix pores",https://obrl-soil.github.io/wrbsoil2022/annex-01-field-guide.html#tbl-a1848,http://w3id.org/glosis/model/layerhorizon/PoresAbundance,https://wrb.isric.org/files/WRB_4th_edition_Soil_description_sheet_v1.1.xlsx#Layer descriptions$DI$4,
113,Layer descriptions$DJ$3,Cracks,,,,"Persistence - Cracks",https://obrl-soil.github.io/wrbsoil2022/annex-01-field-guide.html#tbl-a1849,,https://wrb.isric.org/files/WRB_4th_edition_Soil_description_sheet_v1.1.xlsx#Layer descriptions$DJ$3,
114,Layer descriptions$DK$3,Cracks,,,,"Continuity - Cracks",https://obrl-soil.github.io/wrbsoil2022/annex-01-field-guide.html#tbl-a1850,,https://wrb.isric.org/files/WRB_4th_edition_Soil_description_sheet_v1.1.xlsx#Layer descriptions$DK$3,
115,Layer descriptions$DL$3,Cracks,mm,mm,MilliM,"Average width [mm] - Cracks",https://obrl-soil.github.io/wrbsoil2022/annex-01-field-guide.html#sec-a1-8413-w,,https://wrb.isric.org/files/WRB_4th_edition_Soil_description_sheet_v1.1.xlsx#Layer descriptions$DL$3,
116,Layer descriptions$DM$3,Cracks,number,{count},,"Abundance [number of cracks] - Cracks",https://obrl-soil.github.io/wrbsoil2022/annex-01-field-guide.html#sec-a1-8413-w,,https://wrb.isric.org/files/WRB_4th_edition_Soil_description_sheet_v1.1.xlsx#Layer descriptions$DM$3,
117,Layer descriptions$DN$3,Stress features,%,dm2/m2,,"Abundance of pressure faces [%, see 8.4.14] - Stress features",https://obrl-soil.github.io/wrbsoil2022/annex-01-field-guide.html#sec-a1-8414,,https://wrb.isric.org/files/WRB_4th_edition_Soil_description_sheet_v1.1.xlsx#Layer descriptions$DN$3,
118,Layer descriptions$DO$3,Stress features,%,dm2/m2,,"Abundance of slickensides [%, see 8.4.14] - Stress features",https://obrl-soil.github.io/wrbsoil2022/annex-01-field-guide.html#sec-a1-8414,,https://wrb.isric.org/files/WRB_4th_edition_Soil_description_sheet_v1.1.xlsx#Layer descriptions$DO$3,
119,Layer descriptions$DP$4,Matrix colour - Colour 1 (dominant),,,,"Munsell moist - Matrix colour - Colour 1",,,https://wrb.isric.org/files/WRB_4th_edition_Soil_description_sheet_v1.1.xlsx#Layer descriptions$DP$4,
120,Layer descriptions$DQ$4,Matrix colour - Colour 1 (dominant),,,,"Munsell dry - Matrix colour - Colour 1",,,https://wrb.isric.org/files/WRB_4th_edition_Soil_description_sheet_v1.1.xlsx#Layer descriptions$DQ$4,
121,Layer descriptions$DR$4,Matrix colour - Colour 1 (dominant),%,dm2/m2,,"Exposed area [%] - Matrix colour - Colour 1",,,https://wrb.isric.org/files/WRB_4th_edition_Soil_description_sheet_v1.1.xlsx#Layer descriptions$DR$4,
122,Layer descriptions$DS$4,Matrix colour - Colour 2,,,,"Munsell moist - Matrix colour - Colour 2",,,https://wrb.isric.org/files/WRB_4th_edition_Soil_description_sheet_v1.1.xlsx#Layer descriptions$DS$4,
123,Layer descriptions$DT$4,Matrix colour - Colour 2,,,,"Munsell dry - Matrix colour - Colour 2",,,https://wrb.isric.org/files/WRB_4th_edition_Soil_description_sheet_v1.1.xlsx#Layer descriptions$DT$4,
124,Layer descriptions$DU$4,Matrix colour - Colour 2,%,dm2/m2,,"Exposed area [%] - Matrix colour - Colour 2",,,https://wrb.isric.org/files/WRB_4th_edition_Soil_description_sheet_v1.1.xlsx#Layer descriptions$DU$4,
125,Layer descriptions$DV$4,Matrix colour - Colour 3,,,,"Munsell moist - Matrix colour - Colour 3",,,https://wrb.isric.org/files/WRB_4th_edition_Soil_description_sheet_v1.1.xlsx#Layer descriptions$DV$4,
126,Layer descriptions$DW$4,Matrix colour - Colour 3,,,,"Munsell dry - Matrix colour - Colour 3",,,https://wrb.isric.org/files/WRB_4th_edition_Soil_description_sheet_v1.1.xlsx#Layer descriptions$DW$4,
127,Layer descriptions$DX$4,Matrix colour - Colour 3,%,dm2/m2,,"Exposed area [%] - Matrix colour - Colour 3",,,https://wrb.isric.org/files/WRB_4th_edition_Soil_description_sheet_v1.1.xlsx#Layer descriptions$DX$4,
128,Layer descriptions$DY$3,"Combinations of darker-coloured finer-textured and lighter-coloured coarser-textured parts",%,dm2/m2,,"Coarser-textured [%] - Combinations of darker-coloured finer-textured",,,https://wrb.isric.org/files/WRB_4th_edition_Soil_description_sheet_v1.1.xlsx#Layer descriptions$DY$3,
129,Layer descriptions$DZ$3,"Combinations of darker-coloured finer-textured and lighter-coloured coarser-textured parts",%,dm2/m2,,"Continuous vertical tongues [%] - Combinations of darker-coloured finer-textured",,,https://wrb.isric.org/files/WRB_4th_edition_Soil_description_sheet_v1.1.xlsx#Layer descriptions$DZ$3,
130,Layer descriptions$EA$3,"Combinations of darker-coloured finer-textured and lighter-coloured coarser-textured parts",cm,cm,CentiM,"Depth range, where tongues cover ≥ 10% of the exposed area [cm] - Combinations of darker-coloured finer-textured",,,https://wrb.isric.org/files/WRB_4th_edition_Soil_description_sheet_v1.1.xlsx#Layer descriptions$EA$3,
131,Layer descriptions$EB$3,"Combinations of darker-coloured finer-textured and lighter-coloured coarser-textured parts",%,dm2/m2,,"Horizontal area covered [%] - Combinations of darker-coloured finer-textured",,,https://wrb.isric.org/files/WRB_4th_edition_Soil_description_sheet_v1.1.xlsx#Layer descriptions$EB$3,
132,Layer descriptions$EC$4,Lithogenic variegates - Colour 1 (dominant),,,,"Munsell moist - Lithogenic variegates - Colour 1",,,https://wrb.isric.org/files/WRB_4th_edition_Soil_description_sheet_v1.1.xlsx#Layer descriptions$EC$4,
133,Layer descriptions$ED$4,Lithogenic variegates - Colour 1 (dominant),codelist,,,"Size class - Lithogenic variegates - Colour 1",,,https://wrb.isric.org/files/WRB_4th_edition_Soil_description_sheet_v1.1.xlsx#Layer descriptions$ED$4,
134,Layer descriptions$EE$4,Lithogenic variegates - Colour 1 (dominant),%,dm2/m2,,"Exposed area [%] - Lithogenic variegates - Colour 1",,,https://wrb.isric.org/files/WRB_4th_edition_Soil_description_sheet_v1.1.xlsx#Layer descriptions$EE$4,
135,Layer descriptions$EF$4,Lithogenic variegates - Colour 2,,,,"Munsell moist - Lithogenic variegates - Colour 2",,,https://wrb.isric.org/files/WRB_4th_edition_Soil_description_sheet_v1.1.xlsx#Layer descriptions$EF$4,
136,Layer descriptions$EG$4,Lithogenic variegates - Colour 2,codelist,,,"Size class - Lithogenic variegates - Colour 2",,,https://wrb.isric.org/files/WRB_4th_edition_Soil_description_sheet_v1.1.xlsx#Layer descriptions$EG$4,
137,Layer descriptions$EH$4,Lithogenic variegates - Colour 2,%,dm2/m2,,"Exposed area [%] - Lithogenic variegates - Colour 2",,,https://wrb.isric.org/files/WRB_4th_edition_Soil_description_sheet_v1.1.xlsx#Layer descriptions$EH$4,
138,Layer descriptions$EI$4,Lithogenic variegates - Colour 3,,,,"Munsell moist - Lithogenic variegates - Colour 3",,,https://wrb.isric.org/files/WRB_4th_edition_Soil_description_sheet_v1.1.xlsx#Layer descriptions$EI$4,
139,Layer descriptions$EJ$4,Lithogenic variegates - Colour 3,codelist,,,"Size class - Lithogenic variegates - Colour 3",,,https://wrb.isric.org/files/WRB_4th_edition_Soil_description_sheet_v1.1.xlsx#Layer descriptions$EJ$4,
140,Layer descriptions$EK$4,Lithogenic variegates - Colour 3,%,dm2/m2,,"Exposed area [%] - Lithogenic variegates - Colour 3",,,https://wrb.isric.org/files/WRB_4th_edition_Soil_description_sheet_v1.1.xlsx#Layer descriptions$EK$4,
141,Layer descriptions$EL$4,Redoximorphic features - Colour 1 (dominant),,,,"Munsell moist - Redoximorphic features - Colour 1",,http://w3id.org/glosis/model/layerhorizon/MottlesColour,https://wrb.isric.org/files/WRB_4th_edition_Soil_description_sheet_v1.1.xlsx#Layer descriptions$EL$4,
142,Layer descriptions$EM$4,Redoximorphic features - Colour 1 (dominant),,,,"Munsell dry (only if reducti- morphic) - Redoximorphic features - Colour 1",,http://w3id.org/glosis/model/layerhorizon/MottlesColour,https://wrb.isric.org/files/WRB_4th_edition_Soil_description_sheet_v1.1.xlsx#Layer descriptions$EM$4,
143,Layer descriptions$EN$4,Redoximorphic features - Colour 1 (dominant),,,,"Substance - Redoximorphic features - Colour 1",,,https://wrb.isric.org/files/WRB_4th_edition_Soil_description_sheet_v1.1.xlsx#Layer descriptions$EN$4,
144,Layer descriptions$EO$4,Redoximorphic features - Colour 1 (dominant),,,,"Location - Redoximorphic features - Colour 1",,,https://wrb.isric.org/files/WRB_4th_edition_Soil_description_sheet_v1.1.xlsx#Layer descriptions$EO$4,
145,Layer descriptions$EP$4,Redoximorphic features - Colour 1 (dominant),mm,mm,MilliM,"Size class 1 (dominant) (mm) - Redoximorphic features - Colour 1",,http://w3id.org/glosis/model/layerhorizon/MottlesSize,https://wrb.isric.org/files/WRB_4th_edition_Soil_description_sheet_v1.1.xlsx#Layer descriptions$EP$4,
146,Layer descriptions$EQ$4,Redoximorphic features - Colour 1 (dominant),mm,mm,MilliM,"Size class 2 [mm] - Redoximorphic features - Colour 1",,http://w3id.org/glosis/model/layerhorizon/MottlesSize,https://wrb.isric.org/files/WRB_4th_edition_Soil_description_sheet_v1.1.xlsx#Layer descriptions$EQ$4,
147,Layer descriptions$ER$4,Redoximorphic features - Colour 1 (dominant),codelist,,,"Cementation class - Redoximorphic features - Colour 1",,,https://wrb.isric.org/files/WRB_4th_edition_Soil_description_sheet_v1.1.xlsx#Layer descriptions$ER$4,
148,Layer descriptions$ES$4,Redoximorphic features - Colour 1 (dominant),%,dm2/m2,,"Exposed area [%] - Redoximorphic features - Colour 1",,http://w3id.org/glosis/model/layerhorizon/MottlesAbundance,https://wrb.isric.org/files/WRB_4th_edition_Soil_description_sheet_v1.1.xlsx#Layer descriptions$ES$4,
149,Layer descriptions$ET$4,Redoximorphic features - Colour 2,,,,"Munsell moist - Redoximorphic features - Colour 2",,,https://wrb.isric.org/files/WRB_4th_edition_Soil_description_sheet_v1.1.xlsx#Layer descriptions$ET$4,
150,Layer descriptions$EU$4,Redoximorphic features - Colour 2,,,,"Munsell dry (only if reducti- morphic) - Redoximorphic features - Colour 2",,,https://wrb.isric.org/files/WRB_4th_edition_Soil_description_sheet_v1.1.xlsx#Layer descriptions$EU$4,
151,Layer descriptions$EV$4,Redoximorphic features - Colour 2,,,,"Substance - Redoximorphic features - Colour 2",,,https://wrb.isric.org/files/WRB_4th_edition_Soil_description_sheet_v1.1.xlsx#Layer descriptions$EV$4,
152,Layer descriptions$EW$4,Redoximorphic features - Colour 2,,,,"Location - Redoximorphic features - Colour 2",,,https://wrb.isric.org/files/WRB_4th_edition_Soil_description_sheet_v1.1.xlsx#Layer descriptions$EW$4,
153,Layer descriptions$EX$4,Redoximorphic features - Colour 2,mm,mm,MilliM,"Size class 1 (dominant) (mm) - Redoximorphic features - Colour 2",,http://w3id.org/glosis/model/layerhorizon/MottlesSize,https://wrb.isric.org/files/WRB_4th_edition_Soil_description_sheet_v1.1.xlsx#Layer descriptions$EX$4,
154,Layer descriptions$EY$4,Redoximorphic features - Colour 2,mm,mm,MilliM,"Size class 2 [mm] - Redoximorphic features - Colour 2",,http://w3id.org/glosis/model/layerhorizon/MottlesSize,https://wrb.isric.org/files/WRB_4th_edition_Soil_description_sheet_v1.1.xlsx#Layer descriptions$EY$4,
155,Layer descriptions$EZ$4,Redoximorphic features - Colour 2,codelist,,,"Cementation class - Redoximorphic features - Colour 2",,,https://wrb.isric.org/files/WRB_4th_edition_Soil_description_sheet_v1.1.xlsx#Layer descriptions$EZ$4,
156,Layer descriptions$FA$4,Redoximorphic features - Colour 2,%,dm2/m2,,"Exposed area [%] - Redoximorphic features - Colour 2",,http://w3id.org/glosis/model/layerhorizon/MottlesAbundance,https://wrb.isric.org/files/WRB_4th_edition_Soil_description_sheet_v1.1.xlsx#Layer descriptions$FA$4,
157,Layer descriptions$FB$4,Redoximorphic features - Colour 3,,,,"Munsell moist - Redoximorphic features - Colour 3",,,https://wrb.isric.org/files/WRB_4th_edition_Soil_description_sheet_v1.1.xlsx#Layer descriptions$FB$4,
158,Layer descriptions$FC$4,Redoximorphic features - Colour 3,,,,"Munsell dry (only if reducti- morphic) - Redoximorphic features - Colour 3",,,https://wrb.isric.org/files/WRB_4th_edition_Soil_description_sheet_v1.1.xlsx#Layer descriptions$FC$4,
159,Layer descriptions$FD$4,Redoximorphic features - Colour 3,,,,"Substance - Redoximorphic features - Colour 3",,,https://wrb.isric.org/files/WRB_4th_edition_Soil_description_sheet_v1.1.xlsx#Layer descriptions$FD$4,
160,Layer descriptions$FE$4,Redoximorphic features - Colour 3,,,,"Location - Redoximorphic features - Colour 3",,,https://wrb.isric.org/files/WRB_4th_edition_Soil_description_sheet_v1.1.xlsx#Layer descriptions$FE$4,
161,Layer descriptions$FF$4,Redoximorphic features - Colour 3,mm,mm,MilliM,"Size class 1 (dominant) (mm) - Redoximorphic features - Colour 3",,http://w3id.org/glosis/model/layerhorizon/MottlesSize,https://wrb.isric.org/files/WRB_4th_edition_Soil_description_sheet_v1.1.xlsx#Layer descriptions$FF$4,
162,Layer descriptions$FG$4,Redoximorphic features - Colour 3,mm,mm,MilliM,"Size class 2 [mm] - Redoximorphic features - Colour 3",,http://w3id.org/glosis/model/layerhorizon/MottlesSize,https://wrb.isric.org/files/WRB_4th_edition_Soil_description_sheet_v1.1.xlsx#Layer descriptions$FG$4,
163,Layer descriptions$FH$4,Redoximorphic features - Colour 3,codelist,,,"Cementation class - Redoximorphic features - Colour 3",,,https://wrb.isric.org/files/WRB_4th_edition_Soil_description_sheet_v1.1.xlsx#Layer descriptions$FH$4,
164,Layer descriptions$FI$4,Redoximorphic features - Colour 3,%,dm2/m2,,"Exposed area [%] - Redoximorphic features - Colour 3",,http://w3id.org/glosis/model/layerhorizon/MottlesAbundance,https://wrb.isric.org/files/WRB_4th_edition_Soil_description_sheet_v1.1.xlsx#Layer descriptions$FI$4,
165,Layer descriptions$FJ$4,"Total abundance, by exposed area[%]",,,,"oxi- morphic: inner - Total abundance, by exposed area",,http://w3id.org/glosis/model/layerhorizon/MottlesAbundance,https://wrb.isric.org/files/WRB_4th_edition_Soil_description_sheet_v1.1.xlsx#Layer descriptions$FJ$4,
166,Layer descriptions$FK$4,"Total abundance, by exposed area[%]",,,,"oxi- morphic: outer - Total abundance, by exposed area",,http://w3id.org/glosis/model/layerhorizon/MottlesAbundance,https://wrb.isric.org/files/WRB_4th_edition_Soil_description_sheet_v1.1.xlsx#Layer descriptions$FK$4,
167,Layer descriptions$FL$4,"Total abundance, by exposed area[%]",,,,"oxi- morphic: random - Total abundance, by exposed area",,http://w3id.org/glosis/model/layerhorizon/MottlesAbundance,https://wrb.isric.org/files/WRB_4th_edition_Soil_description_sheet_v1.1.xlsx#Layer descriptions$FL$4,
168,Layer descriptions$FM$4,"Total abundance, by exposed area[%]",,,,"reducti- morphic: inner - Total abundance, by exposed area",,http://w3id.org/glosis/model/layerhorizon/MottlesAbundance,https://wrb.isric.org/files/WRB_4th_edition_Soil_description_sheet_v1.1.xlsx#Layer descriptions$FM$4,
169,Layer descriptions$FN$4,"Total abundance, by exposed area[%]",,,,"reducti- morphic: outer - Total abundance, by exposed area",,http://w3id.org/glosis/model/layerhorizon/MottlesAbundance,https://wrb.isric.org/files/WRB_4th_edition_Soil_description_sheet_v1.1.xlsx#Layer descriptions$FN$4,
170,Layer descriptions$FO$4,"Total abundance, by exposed area[%]",,,,"reducti- morphic: random - Total abundance, by exposed area",,http://w3id.org/glosis/model/layerhorizon/MottlesAbundance,https://wrb.isric.org/files/WRB_4th_edition_Soil_description_sheet_v1.1.xlsx#Layer descriptions$FO$4,
171,Layer descriptions$FP$3,Chapter 8.4.20,%,daL/m3,,"Abundance of cemented oximorphic features, by volume [%] - Chapter 8.4.20",https://obrl-soil.github.io/wrbsoil2022/annex-01-field-guide.html#sec-a1-847-a,,https://wrb.isric.org/files/WRB_4th_edition_Soil_description_sheet_v1.1.xlsx#Layer descriptions$FP$3,
172,Layer descriptions$FQ$2,Chapter 8.4.21,,,,"rH value - Chapter 8.4.21",,,https://wrb.isric.org/files/WRB_4th_edition_Soil_description_sheet_v1.1.xlsx#Layer descriptions$FQ$2,
173,Layer descriptions$FR$3,Initial weathering,%,dm2/m2,,"Abundance, by exposed area [%]  - Initial weathering",,,https://wrb.isric.org/files/WRB_4th_edition_Soil_description_sheet_v1.1.xlsx#Layer descriptions$FR$3,
174,Layer descriptions$FS$3,Coatings and bridges,%,dm2/m2,,"Abundance of clay coatings [%, see 8.4.23] - Coatings and bridges",,,https://wrb.isric.org/files/WRB_4th_edition_Soil_description_sheet_v1.1.xlsx#Layer descriptions$FS$3,
175,Layer descriptions$FT$3,Coatings and bridges,%,dm2/m2,,"Abundance of clay bridges [%] - Coatings and bridges",,,https://wrb.isric.org/files/WRB_4th_edition_Soil_description_sheet_v1.1.xlsx#Layer descriptions$FT$3,
176,Layer descriptions$FU$3,Chapter 8.4.23,,,,"Organic matter coatings and oxide coatings - Chapter 8.4.23",,,https://wrb.isric.org/files/WRB_4th_edition_Soil_description_sheet_v1.1.xlsx#Layer descriptions$FU$3,
177,Layer descriptions$FV$3,Chapter 8.4.23,%,dm2/m2,,"Abundance of cracked coatings [%] - Chapter 8.4.23",,https://glosis-ld.github.io/glosis/glosis_layer_horizon/index-en.html#/CoatingAbundance,https://wrb.isric.org/files/WRB_4th_edition_Soil_description_sheet_v1.1.xlsx#Layer descriptions$FV$3,
178,Layer descriptions$FW$3,Chapter 8.4.23,%,dm2/m2,,"Abundance of uncoated sand and coarse silt grains [%] - Chapter 8.4.23",,,https://wrb.isric.org/files/WRB_4th_edition_Soil_description_sheet_v1.1.xlsx#Layer descriptions$FW$3,
179,Layer descriptions$FX$3,Ribbon-like accumulations,,,,"Substance(s) - Ribbon-like accumulations",,,https://wrb.isric.org/files/WRB_4th_edition_Soil_description_sheet_v1.1.xlsx#Layer descriptions$FX$3,
180,Layer descriptions$FY$3,Ribbon-like accumulations,,,,"Number - Ribbon-like accumulations",,,https://wrb.isric.org/files/WRB_4th_edition_Soil_description_sheet_v1.1.xlsx#Layer descriptions$FY$3,
181,Layer descriptions$FZ$3,Ribbon-like accumulations,cm,cm,CentiM,"Combined thickness [cm] - Ribbon-like accumulations",,,https://wrb.isric.org/files/WRB_4th_edition_Soil_description_sheet_v1.1.xlsx#Layer descriptions$FZ$3,
182,Layer descriptions$GA$3,Ribbon-like accumulations,,,,"If lamellae: Texture - Ribbon-like accumulations",,,https://wrb.isric.org/files/WRB_4th_edition_Soil_description_sheet_v1.1.xlsx#Layer descriptions$GA$3,
183,Layer descriptions$GB$3,Ribbon-like accumulations,%,dm2/m2,,"If lamellae: Abundance of clay coatings [%] - Ribbon-like accumulations",,,https://wrb.isric.org/files/WRB_4th_edition_Soil_description_sheet_v1.1.xlsx#Layer descriptions$GB$3,
184,Layer descriptions$GC$3,Ribbon-like accumulations,%,dm2/m2,,"If lamellae: Abundance of clay bridges [%] - Ribbon-like accumulations",,,https://wrb.isric.org/files/WRB_4th_edition_Soil_description_sheet_v1.1.xlsx#Layer descriptions$GC$3,
185,Layer descriptions$GD$3,Ribbon-like accumulations,,,,"If lamellae: Combined thickness - Ribbon-like accumulations",,,https://wrb.isric.org/files/WRB_4th_edition_Soil_description_sheet_v1.1.xlsx#Layer descriptions$GD$3,
186,Layer descriptions$GE$4,Carbonates - Content in the matrix,,,,"Content - Carbonates - Content in the matrix",,https://glosis-ld.github.io/glosis/glosis_layer_horizon/index-en.html#/carbonatesContentProperty,https://wrb.isric.org/files/WRB_4th_edition_Soil_description_sheet_v1.1.xlsx#Layer descriptions$GE$4,
187,Layer descriptions$GF$4,Carbonates - Content in the matrix,,,,"Retarded reaction - Carbonates - Content in the matrix",,,https://wrb.isric.org/files/WRB_4th_edition_Soil_description_sheet_v1.1.xlsx#Layer descriptions$GF$4,
188,Layer descriptions$GG$4,"Secondary carbonates
(to be reported in the soil water status moist or wet, 
according to 8.4.3, Table 8.28)",,,,"Type 1 - Secondary carbonates",,,https://wrb.isric.org/files/WRB_4th_edition_Soil_description_sheet_v1.1.xlsx#Layer descriptions$GG$4,
189,Layer descriptions$GH$4,"Secondary carbonates
(to be reported in the soil water status moist or wet, 
according to 8.4.3, Table 8.28)",,,,"Type 2 - Secondary carbonates",,,https://wrb.isric.org/files/WRB_4th_edition_Soil_description_sheet_v1.1.xlsx#Layer descriptions$GH$4,
190,Layer descriptions$GI$4,"Secondary carbonates
(to be reported in the soil water status moist or wet, 
according to 8.4.3, Table 8.28)",,,,"Type 3 - Secondary carbonates",,,https://wrb.isric.org/files/WRB_4th_edition_Soil_description_sheet_v1.1.xlsx#Layer descriptions$GI$4,
191,Layer descriptions$GJ$4,"Secondary carbonates
(to be reported in the soil water status moist or wet, 
according to 8.4.3, Table 8.28)",,,,"Type 4 - Secondary carbonates",,,https://wrb.isric.org/files/WRB_4th_edition_Soil_description_sheet_v1.1.xlsx#Layer descriptions$GJ$4,
192,Layer descriptions$GK$4,"Secondary carbonates
(to be reported in the soil water status moist or wet, 
according to 8.4.3, Table 8.28)",%,dm2/m2,,"Abundance type 1 [%] - Secondary carbonates",,,https://wrb.isric.org/files/WRB_4th_edition_Soil_description_sheet_v1.1.xlsx#Layer descriptions$GK$4,
193,Layer descriptions$GL$4,"Secondary carbonates
(to be reported in the soil water status moist or wet, 
according to 8.4.3, Table 8.28)",%,dm2/m2,,"Abundance type 2 [%] - Secondary carbonates",,,https://wrb.isric.org/files/WRB_4th_edition_Soil_description_sheet_v1.1.xlsx#Layer descriptions$GL$4,
194,Layer descriptions$GM$4,"Secondary carbonates
(to be reported in the soil water status moist or wet, 
according to 8.4.3, Table 8.28)",%,dm2/m2,,"Abundance type 3 [%] - Secondary carbonates",,,https://wrb.isric.org/files/WRB_4th_edition_Soil_description_sheet_v1.1.xlsx#Layer descriptions$GM$4,
195,Layer descriptions$GN$4,"Secondary carbonates
(to be reported in the soil water status moist or wet, 
according to 8.4.3, Table 8.28)",%,dm2/m2,,"Abundance type 4 [%] - Secondary carbonates",,,https://wrb.isric.org/files/WRB_4th_edition_Soil_description_sheet_v1.1.xlsx#Layer descriptions$GN$4,
196,Layer descriptions$GO$3,Gypsum,,,,"Content (only in layers with little readily soluble salts) - Gypsum",,,https://wrb.isric.org/files/WRB_4th_edition_Soil_description_sheet_v1.1.xlsx#Layer descriptions$GO$3,
197,Layer descriptions$GP$3,Gypsum,%,dm2/m2,,"Secondary gypsum: Total abundance, by exposed area [%] - Gypsum",,,https://wrb.isric.org/files/WRB_4th_edition_Soil_description_sheet_v1.1.xlsx#Layer descriptions$GP$3,
198,Layer descriptions$GQ$3,Secondary silica,,,,"Type 1 - Secondary silica",,,https://wrb.isric.org/files/WRB_4th_edition_Soil_description_sheet_v1.1.xlsx#Layer descriptions$GQ$3,
199,Layer descriptions$GR$3,Secondary silica,,,,"Type 2 - Secondary silica",,,https://wrb.isric.org/files/WRB_4th_edition_Soil_description_sheet_v1.1.xlsx#Layer descriptions$GR$3,
200,Layer descriptions$GS$3,Chapter 8.4.27,codelist,,,"Size class of type 1 (only DN and FC) - Chapter 8.4.27",,,https://wrb.isric.org/files/WRB_4th_edition_Soil_description_sheet_v1.1.xlsx#Layer descriptions$GS$3,
201,Layer descriptions$GT$3,Chapter 8.4.27,codelist,,,"Size class of type 2 (only DN and FC) - Chapter 8.4.27",,,https://wrb.isric.org/files/WRB_4th_edition_Soil_description_sheet_v1.1.xlsx#Layer descriptions$GT$3,
202,Layer descriptions$GU$3,Chapter 8.4.27,%,dm2/m2,,"Total abundance, by exposed area [%] - Chapter 8.4.27",,,https://wrb.isric.org/files/WRB_4th_edition_Soil_description_sheet_v1.1.xlsx#Layer descriptions$GU$3,
203,Layer descriptions$GV$3,Chapter 8.4.27,,,,"Abundance of DN and FC - Chapter 8.4.27",,,https://wrb.isric.org/files/WRB_4th_edition_Soil_description_sheet_v1.1.xlsx#Layer descriptions$GV$3,
204,Layer descriptions$GW$3,Readily soluble salts,dS m-1,dS/m,DeciS-PER-M,"ECSE [dS m-1]  - Readily soluble salts",,,https://wrb.isric.org/files/WRB_4th_edition_Soil_description_sheet_v1.1.xlsx#Layer descriptions$GW$3,
205,Layer descriptions$GX$4,Field pH,,[pH],PH,"Measured value - Field pH",,,https://wrb.isric.org/files/WRB_4th_edition_Soil_description_sheet_v1.1.xlsx#Layer descriptions$GX$4,
206,Layer descriptions$GY$4,Field pH,codelist,,,"Solution and mixing ratio - Field pH",,,https://wrb.isric.org/files/WRB_4th_edition_Soil_description_sheet_v1.1.xlsx#Layer descriptions$GY$4,
207,Layer descriptions$GZ$3,Consistence,%,daL/m3,,"Cementation, by volume [%] - Consistence",https://obrl-soil.github.io/wrbsoil2022/annex-01-field-guide.html#sec-a1-847-a,http://w3id.org/glosis/model/layerhorizon/coatingAbundanceProperty,https://wrb.isric.org/files/WRB_4th_edition_Soil_description_sheet_v1.1.xlsx#Layer descriptions$GZ$3,
208,Layer descriptions$HA$4,Consistence,codelist,,,"Agent 1 (dominant) - Consistence",,http://w3id.org/glosis/model/layerhorizon/cementationNatureProperty,https://wrb.isric.org/files/WRB_4th_edition_Soil_description_sheet_v1.1.xlsx#Layer descriptions$HA$4,
209,Layer descriptions$HB$4,Consistence,codelist,,,"Agent 2 - Consistence",,http://w3id.org/glosis/model/layerhorizon/cementationNatureProperty,https://wrb.isric.org/files/WRB_4th_edition_Soil_description_sheet_v1.1.xlsx#Layer descriptions$HB$4,
210,Layer descriptions$HC$4,Consistence,codelist,,,"Agent 3 - Consistence",,http://w3id.org/glosis/model/layerhorizon/cementationNatureProperty,https://wrb.isric.org/files/WRB_4th_edition_Soil_description_sheet_v1.1.xlsx#Layer descriptions$HC$4,
211,Layer descriptions$HD$3,Consistence,codelist,,,"Cementation class - Consistence",,http://w3id.org/glosis/model/layerhorizon/cementationFabricProperty,https://wrb.isric.org/files/WRB_4th_edition_Soil_description_sheet_v1.1.xlsx#Layer descriptions$HD$3,
212,Layer descriptions$HE$3,Consistence,codelist,,,"Rupture resistance class, moist - Consistence",,,https://wrb.isric.org/files/WRB_4th_edition_Soil_description_sheet_v1.1.xlsx#Layer descriptions$HE$3,
213,Layer descriptions$HF$3,Consistence,codelist,,,"Rupture resistance class, dry - Consistence",,,https://wrb.isric.org/files/WRB_4th_edition_Soil_description_sheet_v1.1.xlsx#Layer descriptions$HF$3,
214,Layer descriptions$HG$3,Consistence,codelist,,,"Susceptibility for cementation Table 8.75 - Consistence",,,https://wrb.isric.org/files/WRB_4th_edition_Soil_description_sheet_v1.1.xlsx#Layer descriptions$HG$3,
215,Layer descriptions$HH$3,Consistence,codelist,,,"Manner of failure - Consistence",,http://w3id.org/glosis/model/layerhorizon/ConsistenceMoist,https://wrb.isric.org/files/WRB_4th_edition_Soil_description_sheet_v1.1.xlsx#Layer descriptions$HH$3,
216,Layer descriptions$HI$3,Consistence,codelist,,,"Plasticity - Consistence",,http://w3id.org/glosis/model/layerhorizon/Plasticity,https://wrb.isric.org/files/WRB_4th_edition_Soil_description_sheet_v1.1.xlsx#Layer descriptions$HI$3,
217,Layer descriptions$HJ$3,Consistence,Kg/cm^2,Kg/cm2,,"Penetration resistance (Kg/cm^2) - Consistence",,http://w3id.org/glosis/model/layerhorizon/ConsistenceDry,https://wrb.isric.org/files/WRB_4th_edition_Soil_description_sheet_v1.1.xlsx#Layer descriptions$HJ$3,
218,Layer descriptions$HK$3,Surface crusts,codelist,,,"Sealing agent 1 (dominant) - Surface crusts",,,https://wrb.isric.org/files/WRB_4th_edition_Soil_description_sheet_v1.1.xlsx#Layer descriptions$HK$3,
219,Layer descriptions$HL$3,Surface crusts,codelist,,,"Sealing agent 2 - Surface crusts",,,https://wrb.isric.org/files/WRB_4th_edition_Soil_description_sheet_v1.1.xlsx#Layer descriptions$HL$3,
220,Layer descriptions$HM$3,Surface crusts,codelist,,,"Sealing agent 3 - Surface crusts",,,https://wrb.isric.org/files/WRB_4th_edition_Soil_description_sheet_v1.1.xlsx#Layer descriptions$HM$3,
221,Layer descriptions$HN$3,Continuity of hard materials and cemented layers,%,daL/m3,,"Volume occupied by the fractures [%] - Continuity of hard materials and cemented layers",,,https://wrb.isric.org/files/WRB_4th_edition_Soil_description_sheet_v1.1.xlsx#Layer descriptions$HN$3,
222,Layer descriptions$HO$3,Continuity of hard materials and cemented layers,cm,cm,CentiM,"Average distance between the fractures [cm] - Continuity of hard materials and cemented layers",,,https://wrb.isric.org/files/WRB_4th_edition_Soil_description_sheet_v1.1.xlsx#Layer descriptions$HO$3,
223,Layer descriptions$HP$3,Volcanic glasses and andic characteristics,,,,"Abundance of volcanic glasses in the sand and coarse silt fraction - Volcanic glasses and andic characteristics",,,https://wrb.isric.org/files/WRB_4th_edition_Soil_description_sheet_v1.1.xlsx#Layer descriptions$HP$3,
224,Layer descriptions$HQ$3,Volcanic glasses and andic characteristics,codelist,,,"Thixotropy and NaF field test - Volcanic glasses and andic characteristics",,,https://wrb.isric.org/files/WRB_4th_edition_Soil_description_sheet_v1.1.xlsx#Layer descriptions$HQ$3,
225,Layer descriptions$HR$4,Permafrost features,codelist,,,"Feature 1 (dominant) - Permafrost features",,,https://wrb.isric.org/files/WRB_4th_edition_Soil_description_sheet_v1.1.xlsx#Layer descriptions$HR$4,
226,Layer descriptions$HS$4,Permafrost features,codelist,,,"Feature 2 - Permafrost features",,,https://wrb.isric.org/files/WRB_4th_edition_Soil_description_sheet_v1.1.xlsx#Layer descriptions$HS$4,
227,Layer descriptions$HT$4,Permafrost features,codelist,,,"Feature 3 - Permafrost features",,,https://wrb.isric.org/files/WRB_4th_edition_Soil_description_sheet_v1.1.xlsx#Layer descriptions$HT$4,
228,Layer descriptions$HU$4,Permafrost features,%,dm2/m2,,"Abundance feature 1, by exposed area [%] - Permafrost features",,,https://wrb.isric.org/files/WRB_4th_edition_Soil_description_sheet_v1.1.xlsx#Layer descriptions$HU$4,
229,Layer descriptions$HV$4,Permafrost features,%,dm2/m2,,"Abundance feature 2, by exposed area [%] - Permafrost features",,,https://wrb.isric.org/files/WRB_4th_edition_Soil_description_sheet_v1.1.xlsx#Layer descriptions$HV$4,
230,Layer descriptions$HW$4,Permafrost features,%,dm2/m2,,"Abundance feature 3, by exposed area [%] - Permafrost features",,,https://wrb.isric.org/files/WRB_4th_edition_Soil_description_sheet_v1.1.xlsx#Layer descriptions$HW$4,
231,Layer descriptions$HX$3,Permafrost features,,,,"Layers with permafrost - Permafrost features",,,https://wrb.isric.org/files/WRB_4th_edition_Soil_description_sheet_v1.1.xlsx#Layer descriptions$HX$3,
232,Layer descriptions$HY$3,Bulk density,codelist,,,"Packing density - Bulk density",,,https://wrb.isric.org/files/WRB_4th_edition_Soil_description_sheet_v1.1.xlsx#Layer descriptions$HY$3,
233,Layer descriptions$HZ$3,Bulk density,g/cm3,g/cm3,GM-PER-CentiM3,"Bulk density (g/cm3) - Bulk density",,http://w3id.org/glosis/model/layerhorizon/BulkDensityFineEarthValue,https://wrb.isric.org/files/WRB_4th_edition_Soil_description_sheet_v1.1.xlsx#Layer descriptions$HZ$3,
234,Layer descriptions$IA$4,Soil organic carbon (Corg),dag/kg,dag/kg,,"Min - Soil organic carbon",,http://w3id.org/glosis/model/layerhorizon/CarbonOrganicValue,https://wrb.isric.org/files/WRB_4th_edition_Soil_description_sheet_v1.1.xlsx#Layer descriptions$IA$4,
235,Layer descriptions$IB$4,Soil organic carbon (Corg),dag/kg,dag/kg,,"Max - Soil organic carbon",,http://w3id.org/glosis/model/layerhorizon/CarbonOrganicValue,https://wrb.isric.org/files/WRB_4th_edition_Soil_description_sheet_v1.1.xlsx#Layer descriptions$IB$4,
236,Layer descriptions$IC$4,"Natural accumulations 
of organic matter",codelist,,,"Type 1 (dominant) - Natural accumulations 
of organic matter",,,https://wrb.isric.org/files/WRB_4th_edition_Soil_description_sheet_v1.1.xlsx#Layer descriptions$IC$4,
237,Layer descriptions$ID$4,"Natural accumulations 
of organic matter",codelist,,,"Type 2 - Natural accumulations 
of organic matter",,,https://wrb.isric.org/files/WRB_4th_edition_Soil_description_sheet_v1.1.xlsx#Layer descriptions$ID$4,
238,Layer descriptions$IE$4,"Natural accumulations 
of organic matter",codelist,,,"Type 3 - Natural accumulations 
of organic matter",,,https://wrb.isric.org/files/WRB_4th_edition_Soil_description_sheet_v1.1.xlsx#Layer descriptions$IE$4,
239,Layer descriptions$IF$4,"Natural accumulations 
of organic matter",%,dm2/m2,,"Abundance type 1, by exposed area [%] - Natural accumulations 
of organic matter",,,https://wrb.isric.org/files/WRB_4th_edition_Soil_description_sheet_v1.1.xlsx#Layer descriptions$IF$4,
240,Layer descriptions$IG$4,"Natural accumulations 
of organic matter",%,dm2/m2,,"Abundance type 2, by exposed area [%] - Natural accumulations 
of organic matter",,,https://wrb.isric.org/files/WRB_4th_edition_Soil_description_sheet_v1.1.xlsx#Layer descriptions$IG$4,
241,Layer descriptions$IH$4,"Natural accumulations 
of organic matter",%,dm2/m2,,"Abundance type 3, by exposed area [%] - Natural accumulations 
of organic matter",,,https://wrb.isric.org/files/WRB_4th_edition_Soil_description_sheet_v1.1.xlsx#Layer descriptions$IH$4,
242,Layer descriptions$II$3,Chapter 8.4.36,%,dm2/m2,,"Black carbon, by exposed area [%, see 8.4.36] - Chapter 8.4.36",,,https://wrb.isric.org/files/WRB_4th_edition_Soil_description_sheet_v1.1.xlsx#Layer descriptions$II$3,
243,Layer descriptions$IJ$3,Roots,codelist,,,"Abundance of roots ≤ 2 mm - Roots",,http://w3id.org/glosis/model/layerhorizon/RootsAbundance,https://wrb.isric.org/files/WRB_4th_edition_Soil_description_sheet_v1.1.xlsx#Layer descriptions$IJ$3,
244,Layer descriptions$IK$3,Roots,codelist,,,"Abundance of roots > 2 mm - Roots",,http://w3id.org/glosis/model/layerhorizon/RootsAbundance,https://wrb.isric.org/files/WRB_4th_edition_Soil_description_sheet_v1.1.xlsx#Layer descriptions$IK$3,
245,Layer descriptions$IL$3,Results of animal activity,codelist,,,"Type 1 - Results of animal activity",,"http://w3id.org/glosis/model/layerhorizon/BiologicalFeatures
",https://wrb.isric.org/files/WRB_4th_edition_Soil_description_sheet_v1.1.xlsx#Layer descriptions$IL$3,
246,Layer descriptions$IM$3,Results of animal activity,codelist,,,"Type 2 - Results of animal activity",,"http://w3id.org/glosis/model/layerhorizon/BiologicalFeatures
",https://wrb.isric.org/files/WRB_4th_edition_Soil_description_sheet_v1.1.xlsx#Layer descriptions$IM$3,
247,Layer descriptions$IN$3,Results of animal activity,codelist,,,"Type 3 - Results of animal activity",,"http://w3id.org/glosis/model/layerhorizon/BiologicalFeatures
",https://wrb.isric.org/files/WRB_4th_edition_Soil_description_sheet_v1.1.xlsx#Layer descriptions$IN$3,
248,Layer descriptions$IO$3,Results of animal activity,codelist,,,"Type 4 - Results of animal activity",,"http://w3id.org/glosis/model/layerhorizon/BiologicalFeatures
",https://wrb.isric.org/files/WRB_4th_edition_Soil_description_sheet_v1.1.xlsx#Layer descriptions$IO$3,
249,Layer descriptions$IP$3,Results of animal activity,codelist,,,"Type 5 - Results of animal activity",,"http://w3id.org/glosis/model/layerhorizon/BiologicalFeatures
",https://wrb.isric.org/files/WRB_4th_edition_Soil_description_sheet_v1.1.xlsx#Layer descriptions$IP$3,
250,Layer descriptions$IQ$3,Results of animal activity,%,dm2/m2,,"Mammal activity, by exposed area [%] - Results of animal activity",,,https://wrb.isric.org/files/WRB_4th_edition_Soil_description_sheet_v1.1.xlsx#Layer descriptions$IQ$3,
251,Layer descriptions$IR$3,Results of animal activity,%,dm2/m2,,"Bird activity, by exposed area [%] - Results of animal activity",,,https://wrb.isric.org/files/WRB_4th_edition_Soil_description_sheet_v1.1.xlsx#Layer descriptions$IR$3,
252,Layer descriptions$IS$3,Results of animal activity,%,dm2/m2,,"Worm activity, 
by exposed area [%] - Results of animal activity",,,https://wrb.isric.org/files/WRB_4th_edition_Soil_description_sheet_v1.1.xlsx#Layer descriptions$IS$3,
253,Layer descriptions$IT$3,Results of animal activity,%,dm2/m2,,"Insect activity, by exposed area [%] - Results of animal activity",,,https://wrb.isric.org/files/WRB_4th_edition_Soil_description_sheet_v1.1.xlsx#Layer descriptions$IT$3,
254,Layer descriptions$IU$3,Results of animal activity,%,dm2/m2,,"Unspecified activity, by exposed area [%] - Results of animal activity",,,https://wrb.isric.org/files/WRB_4th_edition_Soil_description_sheet_v1.1.xlsx#Layer descriptions$IU$3,
255,Layer descriptions$IV$4,"Additions of human-transported 
natural material",codelist,,,"Material 1 (dominant) - Additions of human-transported 
natural material",,,https://wrb.isric.org/files/WRB_4th_edition_Soil_description_sheet_v1.1.xlsx#Layer descriptions$IV$4,
256,Layer descriptions$IW$4,"Additions of human-transported 
natural material",codelist,,,"Material 2 - Additions of human-transported 
natural material",,,https://wrb.isric.org/files/WRB_4th_edition_Soil_description_sheet_v1.1.xlsx#Layer descriptions$IW$4,
257,Layer descriptions$IX$4,"Additions of human-transported 
natural material",codelist,,,"Material 3 - Additions of human-transported 
natural material",,,https://wrb.isric.org/files/WRB_4th_edition_Soil_description_sheet_v1.1.xlsx#Layer descriptions$IX$4,
258,Layer descriptions$IY$4,"Additions of human-transported 
natural material",%,daL/m3,,"Abundance material 1, by volume [%] - Additions of human-transported 
natural material",https://obrl-soil.github.io/wrbsoil2022/annex-01-field-guide.html#sec-a1-847-a,,https://wrb.isric.org/files/WRB_4th_edition_Soil_description_sheet_v1.1.xlsx#Layer descriptions$IY$4,
259,Layer descriptions$IZ$4,"Additions of human-transported 
natural material",%,daL/m3,,"Abundance material 2, by volume [%] - Additions of human-transported 
natural material",https://obrl-soil.github.io/wrbsoil2022/annex-01-field-guide.html#sec-a1-847-a,,https://wrb.isric.org/files/WRB_4th_edition_Soil_description_sheet_v1.1.xlsx#Layer descriptions$IZ$4,
260,Layer descriptions$JA$4,"Additions of human-transported 
natural material",%,daL/m3,,"Abundance material 3, by volume [%] - Additions of human-transported 
natural material",https://obrl-soil.github.io/wrbsoil2022/annex-01-field-guide.html#sec-a1-847-a,,https://wrb.isric.org/files/WRB_4th_edition_Soil_description_sheet_v1.1.xlsx#Layer descriptions$JA$4,
261,Layer descriptions$JB$4,"Additions of human-transported 
natural material",codelist,codelist,,"MS: Texture class - Additions of human-transported 
natural material",,http://w3id.org/glosis/model/layerhorizon/TextureFieldClass,https://wrb.isric.org/files/WRB_4th_edition_Soil_description_sheet_v1.1.xlsx#Layer descriptions$JB$4,
262,Layer descriptions$JC$4,"Additions of human-transported 
natural material",%,dag/kg,,"MS: Carbonate content - Additions of human-transported 
natural material",,https://glosis-ld.github.io/glosis/glosis_layer_horizon/index-en.html#/carbonatesContentProperty,https://wrb.isric.org/files/WRB_4th_edition_Soil_description_sheet_v1.1.xlsx#Layer descriptions$JC$4,
263,Layer descriptions$JD$4,"Additions of human-transported 
natural material",%,dag/kg,,"MS: Corg content - Additions of human-transported 
natural material",,http://w3id.org/glosis/model/layerhorizon/CarbonOrganicValue,https://wrb.isric.org/files/WRB_4th_edition_Soil_description_sheet_v1.1.xlsx#Layer descriptions$JD$4,
264,Layer descriptions$JE$4,In-situ alterations,codelist,,,"Type 1 (dominant) - In-situ alterations",,,https://wrb.isric.org/files/WRB_4th_edition_Soil_description_sheet_v1.1.xlsx#Layer descriptions$JE$4,
265,Layer descriptions$JF$4,In-situ alterations,codelist,,,"Type 2 - In-situ alterations",,,https://wrb.isric.org/files/WRB_4th_edition_Soil_description_sheet_v1.1.xlsx#Layer descriptions$JF$4,
266,Layer descriptions$JG$3,Chapter 8.4.38,,,,"Soil aggregate formation after additions or after iterations  - Chapter 8.4.38",,,https://wrb.isric.org/files/WRB_4th_edition_Soil_description_sheet_v1.1.xlsx#Layer descriptions$JG$3,
267,Layer descriptions$JH$2,Chapter 8.4.40,codelist,,,"Parent material - Chapter 8.4.40",,,https://wrb.isric.org/files/WRB_4th_edition_Soil_description_sheet_v1.1.xlsx#Layer descriptions$JH$2,
268,Layer descriptions$JI$3,Degree of decomposition in organic layers and presence of dead natural plant residues ,%,daL/m3,,"Visible plant tissues, by volume [%] - Degree of decomposition in organic layers",https://obrl-soil.github.io/wrbsoil2022/annex-01-field-guide.html#sec-a1-847-a,,https://wrb.isric.org/files/WRB_4th_edition_Soil_description_sheet_v1.1.xlsx#Layer descriptions$JI$3,
269,Layer descriptions$JJ$3,Degree of decomposition in organic layers and presence of dead natural plant residues ,,,,"Subdivision of the Oa horizon - Degree of decomposition in organic layers",,,https://wrb.isric.org/files/WRB_4th_edition_Soil_description_sheet_v1.1.xlsx#Layer descriptions$JJ$3,
270,Layer descriptions$JK$4,Degree of decomposition in organic layers and presence of dead natural plant residues ,codelist,,,"Type 1 (dominant) - Degree of decomposition in organic layers",,,https://wrb.isric.org/files/WRB_4th_edition_Soil_description_sheet_v1.1.xlsx#Layer descriptions$JK$4,
271,Layer descriptions$JL$4,Degree of decomposition in organic layers and presence of dead natural plant residues ,codelist,,,"Type 2 - Degree of decomposition in organic layers",,,https://wrb.isric.org/files/WRB_4th_edition_Soil_description_sheet_v1.1.xlsx#Layer descriptions$JL$4,
272,Layer descriptions$JM$4,Degree of decomposition in organic layers and presence of dead natural plant residues ,%,daL/m3,,"Abundance type 1, by volume [%] - Degree of decomposition in organic layers",https://obrl-soil.github.io/wrbsoil2022/annex-01-field-guide.html#sec-a1-847-a,,https://wrb.isric.org/files/WRB_4th_edition_Soil_description_sheet_v1.1.xlsx#Layer descriptions$JM$4,
273,Layer descriptions$JN$4,Degree of decomposition in organic layers and presence of dead natural plant residues ,%,daL/m3,,"Abundance type 2, by volume [%] - Degree of decomposition in organic layers",https://obrl-soil.github.io/wrbsoil2022/annex-01-field-guide.html#sec-a1-847-a,,https://wrb.isric.org/files/WRB_4th_edition_Soil_description_sheet_v1.1.xlsx#Layer descriptions$JN$4,
274,Layer descriptions$JO$1,,codelist,,,"Horizon designation - Horizon and layer designations",https://obrl-soil.github.io/wrbsoil2022/annex-03-horizon-layer-designations.html,http://w3id.org/glosis/model/layerhorizon/GL_Horizon,https://wrb.isric.org/files/WRB_4th_edition_Soil_description_sheet_v1.1.xlsx#Layer descriptions$JO$1,
275,https://obrl-soil.github.io/wrbsoil2022/annex-01-field-guide.html#sec-a1-8436-e#MS: Corg content max,,%,dag/kg,,"MS: Corg content max - Additions of human-transported natural material",,http://w3id.org/glosis/model/layerhorizon/CarbonOrganicValue,https://obrl-soil.github.io/wrbsoil2022/annex-01-field-guide.html#sec-a1-8436-e#MS: Corg content max,
276,https://obrl-soil.github.io/wrbsoil2022/annex-01-field-guide.html#sec-a1-8436-e#MS: Corg content min,,%,dag/kg,,"MS: Corg content min - Additions of human-transported natural material",,http://w3id.org/glosis/model/layerhorizon/CarbonOrganicValue,https://obrl-soil.github.io/wrbsoil2022/annex-01-field-guide.html#sec-a1-8436-e#MS: Corg content min,
277,https://obrl-soil.github.io/wrbsoil2022/annex-01-field-guide.html#tbl-a1838#Clay,,%,dag/kg,,"Sand [%] - Soil texture",https://obrl-soil.github.io/wrbsoil2022/annex-01-field-guide.html#tbl-a1838,http://w3id.org/glosis/model/layerhorizon/SandFractionTextureValue,https://obrl-soil.github.io/wrbsoil2022/annex-01-field-guide.html#tbl-a1838#Clay,
278,https://obrl-soil.github.io/wrbsoil2022/annex-01-field-guide.html#tbl-a1838#Sand,,%,dag/kg,,"Clay [%] - Soil texture",https://obrl-soil.github.io/wrbsoil2022/annex-01-field-guide.html#tbl-a1838,http://w3id.org/glosis/model/layerhorizon/ClayFractionTextureValue,https://obrl-soil.github.io/wrbsoil2022/annex-01-field-guide.html#tbl-a1838#Sand,
